Full Name,Email,Phone,Status,Notes
User 1,user1@example.com,9000000001,Interested,Row 1 note
User 2,user2@example.com,9000000002,Interested,Row 2 note
User 3,user3@example.com,9000000003,Interested,Row 3 note
User 4,user4@example.com,9000000004,Interested,Row 4 note
User 5,user5@example.com,9000000005,Interested,Row 5 note
User 6,user6@example.com,9000000006,Interested,Row 6 note
User 7,user7@example.com,9000000007,Interested,Row 7 note
User 8,user8@example.com,9000000008,Interested,Row 8 note
User 9,user9@example.com,9000000009,Interested,Row 9 note
User 10,user10@example.com,9000000010,Interested,Row 10 note
User 11,user11@example.com,9000000011,Interested,Row 11 note
User 12,user12@example.com,9000000012,Interested,Row 12 note
User 13,user13@example.com,9000000013,Interested,Row 13 note
User 14,user14@example.com,9000000014,Interested,Row 14 note
User 15,user15@example.com,9000000015,Interested,Row 15 note
User 16,user16@example.com,9000000016,Interested,Row 16 note
User 17,user17@example.com,9000000017,Interested,Row 17 note
User 18,user18@example.com,9000000018,Interested,Row 18 note
User 19,user19@example.com,9000000019,Interested,Row 19 note
User 20,user20@example.com,9000000020,Interested,Row 20 note
User 21,user21@example.com,9000000021,Interested,Row 21 note
User 22,user22@example.com,9000000022,Interested,Row 22 note
User 23,user23@example.com,9000000023,Interested,Row 23 note
User 24,user24@example.com,9000000024,Interested,Row 24 note
User 25,user25@example.com,9000000025,Interested,Row 25 note
User 26,user26@example.com,9000000026,Interested,Row 26 note
User 27,user27@example.com,9000000027,Interested,Row 27 note
User 28,user28@example.com,9000000028,Interested,Row 28 note
User 29,user29@example.com,9000000029,Interested,Row 29 note
User 30,user30@example.com,9000000030,Interested,Row 30 note
User 31,user31@example.com,9000000031,Interested,Row 31 note
User 32,user32@example.com,9000000032,Interested,Row 32 note
User 33,user33@example.com,9000000033,Interested,Row 33 note
User 34,user34@example.com,9000000034,Interested,Row 34 note
User 35,user35@example.com,9000000035,Interested,Row 35 note
User 36,user36@example.com,9000000036,Interested,Row 36 note
User 37,user37@example.com,9000000037,Interested,Row 37 note
User 38,user38@example.com,9000000038,Interested,Row 38 note
User 39,user39@example.com,9000000039,Interested,Row 39 note
User 40,user40@example.com,9000000040,Interested,Row 40 note
User 41,user41@example.com,9000000041,Interested,Row 41 note
User 42,user42@example.com,9000000042,Interested,Row 42 note
User 43,user43@example.com,9000000043,Interested,Row 43 note
User 44,user44@example.com,9000000044,Interested,Row 44 note
User 45,user45@example.com,9000000045,Interested,Row 45 note
User 46,user46@example.com,9000000046,Interested,Row 46 note
User 47,user47@example.com,9000000047,Interested,Row 47 note
User 48,user48@example.com,9000000048,Interested,Row 48 note
User 49,user49@example.com,9000000049,Interested,Row 49 note
User 50,user50@example.com,9000000050,Interested,Row 50 note
User 51,user51@example.com,9000000051,Interested,Row 51 note
User 52,user52@example.com,9000000052,Interested,Row 52 note
User 53,user53@example.com,9000000053,Interested,Row 53 note
User 54,user54@example.com,9000000054,Interested,Row 54 note
User 55,user55@example.com,9000000055,Interested,Row 55 note
User 56,user56@example.com,9000000056,Interested,Row 56 note
User 57,user57@example.com,9000000057,Interested,Row 57 note
User 58,user58@example.com,9000000058,Interested,Row 58 note
User 59,user59@example.com,9000000059,Interested,Row 59 note
User 60,user60@example.com,9000000060,Interested,Row 60 note
User 61,user61@example.com,9000000061,Interested,Row 61 note
User 62,user62@example.com,9000000062,Interested,Row 62 note
User 63,user63@example.com,9000000063,Interested,Row 63 note
User 64,user64@example.com,9000000064,Interested,Row 64 note
User 65,user65@example.com,9000000065,Interested,Row 65 note
User 66,user66@example.com,9000000066,Interested,Row 66 note
User 67,user67@example.com,9000000067,Interested,Row 67 note
User 68,user68@example.com,9000000068,Interested,Row 68 note
User 69,user69@example.com,9000000069,Interested,Row 69 note
User 70,user70@example.com,9000000070,Interested,Row 70 note
User 71,user71@example.com,9000000071,Interested,Row 71 note
User 72,user72@example.com,9000000072,Interested,Row 72 note
User 73,user73@example.com,9000000073,Interested,Row 73 note
User 74,user74@example.com,9000000074,Interested,Row 74 note
User 75,user75@example.com,9000000075,Interested,Row 75 note
User 76,user76@example.com,9000000076,Interested,Row 76 note
User 77,user77@example.com,9000000077,Interested,Row 77 note
User 78,user78@example.com,9000000078,Interested,Row 78 note
User 79,user79@example.com,9000000079,Interested,Row 79 note
User 80,user80@example.com,9000000080,Interested,Row 80 note
User 81,user81@example.com,9000000081,Interested,Row 81 note
User 82,user82@example.com,9000000082,Interested,Row 82 note
User 83,user83@example.com,9000000083,Interested,Row 83 note
User 84,user84@example.com,9000000084,Interested,Row 84 note
User 85,user85@example.com,9000000085,Interested,Row 85 note
User 86,user86@example.com,9000000086,Interested,Row 86 note
User 87,user87@example.com,9000000087,Interested,Row 87 note
User 88,user88@example.com,9000000088,Interested,Row 88 note
User 89,user89@example.com,9000000089,Interested,Row 89 note
User 90,user90@example.com,9000000090,Interested,Row 90 note
User 91,user91@example.com,9000000091,Interested,Row 91 note
User 92,user92@example.com,9000000092,Interested,Row 92 note
User 93,user93@example.com,9000000093,Interested,Row 93 note
User 94,user94@example.com,9000000094,Interested,Row 94 note
User 95,user95@example.com,9000000095,Interested,Row 95 note
User 96,user96@example.com,9000000096,Interested,Row 96 note
User 97,user97@example.com,9000000097,Interested,Row 97 note
User 98,user98@example.com,9000000098,Interested,Row 98 note
User 99,user99@example.com,9000000099,Interested,Row 99 note
User 100,user100@example.com,9000000100,Interested,Row 100 note
User 101,user101@example.com,9000000101,Interested,Row 101 note
User 102,user102@example.com,9000000102,Interested,Row 102 note
User 103,user103@example.com,9000000103,Interested,Row 103 note
User 104,user104@example.com,9000000104,Interested,Row 104 note
User 105,user105@example.com,9000000105,Interested,Row 105 note
User 106,user106@example.com,9000000106,Interested,Row 106 note
User 107,user107@example.com,9000000107,Interested,Row 107 note
User 108,user108@example.com,9000000108,Interested,Row 108 note
User 109,user109@example.com,9000000109,Interested,Row 109 note
User 110,user110@example.com,9000000110,Interested,Row 110 note
User 111,user111@example.com,9000000111,Interested,Row 111 note
User 112,user112@example.com,9000000112,Interested,Row 112 note
User 113,user113@example.com,9000000113,Interested,Row 113 note
User 114,user114@example.com,9000000114,Interested,Row 114 note
User 115,user115@example.com,9000000115,Interested,Row 115 note
User 116,user116@example.com,9000000116,Interested,Row 116 note
User 117,user117@example.com,9000000117,Interested,Row 117 note
User 118,user118@example.com,9000000118,Interested,Row 118 note
User 119,user119@example.com,9000000119,Interested,Row 119 note
User 120,user120@example.com,9000000120,Interested,Row 120 note
User 121,user121@example.com,9000000121,Interested,Row 121 note
User 122,user122@example.com,9000000122,Interested,Row 122 note
User 123,user123@example.com,9000000123,Interested,Row 123 note
User 124,user124@example.com,9000000124,Interested,Row 124 note
User 125,user125@example.com,9000000125,Interested,Row 125 note
User 126,user126@example.com,9000000126,Interested,Row 126 note
User 127,user127@example.com,9000000127,Interested,Row 127 note
User 128,user128@example.com,9000000128,Interested,Row 128 note
User 129,user129@example.com,9000000129,Interested,Row 129 note
User 130,user130@example.com,9000000130,Interested,Row 130 note
User 131,user131@example.com,9000000131,Interested,Row 131 note
User 132,user132@example.com,9000000132,Interested,Row 132 note
User 133,user133@example.com,9000000133,Interested,Row 133 note
User 134,user134@example.com,9000000134,Interested,Row 134 note
User 135,user135@example.com,9000000135,Interested,Row 135 note
User 136,user136@example.com,9000000136,Interested,Row 136 note
User 137,user137@example.com,9000000137,Interested,Row 137 note
User 138,user138@example.com,9000000138,Interested,Row 138 note
User 139,user139@example.com,9000000139,Interested,Row 139 note
User 140,user140@example.com,9000000140,Interested,Row 140 note
User 141,user141@example.com,9000000141,Interested,Row 141 note
User 142,user142@example.com,9000000142,Interested,Row 142 note
User 143,user143@example.com,9000000143,Interested,Row 143 note
User 144,user144@example.com,9000000144,Interested,Row 144 note
User 145,user145@example.com,9000000145,Interested,Row 145 note
User 146,user146@example.com,9000000146,Interested,Row 146 note
User 147,user147@example.com,9000000147,Interested,Row 147 note
User 148,user148@example.com,9000000148,Interested,Row 148 note
User 149,user149@example.com,9000000149,Interested,Row 149 note
User 150,user150@example.com,9000000150,Interested,Row 150 note
User 151,user151@example.com,9000000151,Interested,Row 151 note
User 152,user152@example.com,9000000152,Interested,Row 152 note
User 153,user153@example.com,9000000153,Interested,Row 153 note
User 154,user154@example.com,9000000154,Interested,Row 154 note
User 155,user155@example.com,9000000155,Interested,Row 155 note
User 156,user156@example.com,9000000156,Interested,Row 156 note
User 157,user157@example.com,9000000157,Interested,Row 157 note
User 158,user158@example.com,9000000158,Interested,Row 158 note
User 159,user159@example.com,9000000159,Interested,Row 159 note
User 160,user160@example.com,9000000160,Interested,Row 160 note
User 161,user161@example.com,9000000161,Interested,Row 161 note
User 162,user162@example.com,9000000162,Interested,Row 162 note
User 163,user163@example.com,9000000163,Interested,Row 163 note
User 164,user164@example.com,9000000164,Interested,Row 164 note
User 165,user165@example.com,9000000165,Interested,Row 165 note
User 166,user166@example.com,9000000166,Interested,Row 166 note
User 167,user167@example.com,9000000167,Interested,Row 167 note
User 168,user168@example.com,9000000168,Interested,Row 168 note
User 169,user169@example.com,9000000169,Interested,Row 169 note
User 170,user170@example.com,9000000170,Interested,Row 170 note
User 171,user171@example.com,9000000171,Interested,Row 171 note
User 172,user172@example.com,9000000172,Interested,Row 172 note
User 173,user173@example.com,9000000173,Interested,Row 173 note
User 174,user174@example.com,9000000174,Interested,Row 174 note
User 175,user175@example.com,9000000175,Interested,Row 175 note
User 176,user176@example.com,9000000176,Interested,Row 176 note
User 177,user177@example.com,9000000177,Interested,Row 177 note
User 178,user178@example.com,9000000178,Interested,Row 178 note
User 179,user179@example.com,9000000179,Interested,Row 179 note
User 180,user180@example.com,9000000180,Interested,Row 180 note
User 181,user181@example.com,9000000181,Interested,Row 181 note
User 182,user182@example.com,9000000182,Interested,Row 182 note
User 183,user183@example.com,9000000183,Interested,Row 183 note
User 184,user184@example.com,9000000184,Interested,Row 184 note
User 185,user185@example.com,9000000185,Interested,Row 185 note
User 186,user186@example.com,9000000186,Interested,Row 186 note
User 187,user187@example.com,9000000187,Interested,Row 187 note
User 188,user188@example.com,9000000188,Interested,Row 188 note
User 189,user189@example.com,9000000189,Interested,Row 189 note
User 190,user190@example.com,9000000190,Interested,Row 190 note
User 191,user191@example.com,9000000191,Interested,Row 191 note
User 192,user192@example.com,9000000192,Interested,Row 192 note
User 193,user193@example.com,9000000193,Interested,Row 193 note
User 194,user194@example.com,9000000194,Interested,Row 194 note
User 195,user195@example.com,9000000195,Interested,Row 195 note
User 196,user196@example.com,9000000196,Interested,Row 196 note
User 197,user197@example.com,9000000197,Interested,Row 197 note
User 198,user198@example.com,9000000198,Interested,Row 198 note
User 199,user199@example.com,9000000199,Interested,Row 199 note
User 200,user200@example.com,9000000200,Interested,Row 200 note
User 201,user201@example.com,9000000201,Interested,Row 201 note
User 202,user202@example.com,9000000202,Interested,Row 202 note
User 203,user203@example.com,9000000203,Interested,Row 203 note
User 204,user204@example.com,9000000204,Interested,Row 204 note
User 205,user205@example.com,9000000205,Interested,Row 205 note
User 206,user206@example.com,9000000206,Interested,Row 206 note
User 207,user207@example.com,9000000207,Interested,Row 207 note
User 208,user208@example.com,9000000208,Interested,Row 208 note
User 209,user209@example.com,9000000209,Interested,Row 209 note
User 210,user210@example.com,9000000210,Interested,Row 210 note
User 211,user211@example.com,9000000211,Interested,Row 211 note
User 212,user212@example.com,9000000212,Interested,Row 212 note
User 213,user213@example.com,9000000213,Interested,Row 213 note
User 214,user214@example.com,9000000214,Interested,Row 214 note
User 215,user215@example.com,9000000215,Interested,Row 215 note
User 216,user216@example.com,9000000216,Interested,Row 216 note
User 217,user217@example.com,9000000217,Interested,Row 217 note
User 218,user218@example.com,9000000218,Interested,Row 218 note
User 219,user219@example.com,9000000219,Interested,Row 219 note
User 220,user220@example.com,9000000220,Interested,Row 220 note
User 221,user221@example.com,9000000221,Interested,Row 221 note
User 222,user222@example.com,9000000222,Interested,Row 222 note
User 223,user223@example.com,9000000223,Interested,Row 223 note
User 224,user224@example.com,9000000224,Interested,Row 224 note
User 225,user225@example.com,9000000225,Interested,Row 225 note
User 226,user226@example.com,9000000226,Interested,Row 226 note
User 227,user227@example.com,9000000227,Interested,Row 227 note
User 228,user228@example.com,9000000228,Interested,Row 228 note
User 229,user229@example.com,9000000229,Interested,Row 229 note
User 230,user230@example.com,9000000230,Interested,Row 230 note
User 231,user231@example.com,9000000231,Interested,Row 231 note
User 232,user232@example.com,9000000232,Interested,Row 232 note
User 233,user233@example.com,9000000233,Interested,Row 233 note
User 234,user234@example.com,9000000234,Interested,Row 234 note
User 235,user235@example.com,9000000235,Interested,Row 235 note
User 236,user236@example.com,9000000236,Interested,Row 236 note
User 237,user237@example.com,9000000237,Interested,Row 237 note
User 238,user238@example.com,9000000238,Interested,Row 238 note
User 239,user239@example.com,9000000239,Interested,Row 239 note
User 240,user240@example.com,9000000240,Interested,Row 240 note
User 241,user241@example.com,9000000241,Interested,Row 241 note
User 242,user242@example.com,9000000242,Interested,Row 242 note
User 243,user243@example.com,9000000243,Interested,Row 243 note
User 244,user244@example.com,9000000244,Interested,Row 244 note
User 245,user245@example.com,9000000245,Interested,Row 245 note
User 246,user246@example.com,9000000246,Interested,Row 246 note
User 247,user247@example.com,9000000247,Interested,Row 247 note
User 248,user248@example.com,9000000248,Interested,Row 248 note
User 249,user249@example.com,9000000249,Interested,Row 249 note
User 250,user250@example.com,9000000250,Interested,Row 250 note
User 251,user251@example.com,9000000251,Interested,Row 251 note
User 252,user252@example.com,9000000252,Interested,Row 252 note
User 253,user253@example.com,9000000253,Interested,Row 253 note
User 254,user254@example.com,9000000254,Interested,Row 254 note
User 255,user255@example.com,9000000255,Interested,Row 255 note
User 256,user256@example.com,9000000256,Interested,Row 256 note
User 257,user257@example.com,9000000257,Interested,Row 257 note
User 258,user258@example.com,9000000258,Interested,Row 258 note
User 259,user259@example.com,9000000259,Interested,Row 259 note
User 260,user260@example.com,9000000260,Interested,Row 260 note
User 261,user261@example.com,9000000261,Interested,Row 261 note
User 262,user262@example.com,9000000262,Interested,Row 262 note
User 263,user263@example.com,9000000263,Interested,Row 263 note
User 264,user264@example.com,9000000264,Interested,Row 264 note
User 265,user265@example.com,9000000265,Interested,Row 265 note
User 266,user266@example.com,9000000266,Interested,Row 266 note
User 267,user267@example.com,9000000267,Interested,Row 267 note
User 268,user268@example.com,9000000268,Interested,Row 268 note
User 269,user269@example.com,9000000269,Interested,Row 269 note
User 270,user270@example.com,9000000270,Interested,Row 270 note
User 271,user271@example.com,9000000271,Interested,Row 271 note
User 272,user272@example.com,9000000272,Interested,Row 272 note
User 273,user273@example.com,9000000273,Interested,Row 273 note
User 274,user274@example.com,9000000274,Interested,Row 274 note
User 275,user275@example.com,9000000275,Interested,Row 275 note
User 276,user276@example.com,9000000276,Interested,Row 276 note
User 277,user277@example.com,9000000277,Interested,Row 277 note
User 278,user278@example.com,9000000278,Interested,Row 278 note
User 279,user279@example.com,9000000279,Interested,Row 279 note
User 280,user280@example.com,9000000280,Interested,Row 280 note
User 281,user281@example.com,9000000281,Interested,Row 281 note
User 282,user282@example.com,9000000282,Interested,Row 282 note
User 283,user283@example.com,9000000283,Interested,Row 283 note
User 284,user284@example.com,9000000284,Interested,Row 284 note
User 285,user285@example.com,9000000285,Interested,Row 285 note
User 286,user286@example.com,9000000286,Interested,Row 286 note
User 287,user287@example.com,9000000287,Interested,Row 287 note
User 288,user288@example.com,9000000288,Interested,Row 288 note
User 289,user289@example.com,9000000289,Interested,Row 289 note
User 290,user290@example.com,9000000290,Interested,Row 290 note
User 291,user291@example.com,9000000291,Interested,Row 291 note
User 292,user292@example.com,9000000292,Interested,Row 292 note
User 293,user293@example.com,9000000293,Interested,Row 293 note
User 294,user294@example.com,9000000294,Interested,Row 294 note
User 295,user295@example.com,9000000295,Interested,Row 295 note
User 296,user296@example.com,9000000296,Interested,Row 296 note
User 297,user297@example.com,9000000297,Interested,Row 297 note
User 298,user298@example.com,9000000298,Interested,Row 298 note
User 299,user299@example.com,9000000299,Interested,Row 299 note
User 300,user300@example.com,9000000300,Interested,Row 300 note
User 301,user301@example.com,9000000301,Interested,Row 301 note
User 302,user302@example.com,9000000302,Interested,Row 302 note
User 303,user303@example.com,9000000303,Interested,Row 303 note
User 304,user304@example.com,9000000304,Interested,Row 304 note
User 305,user305@example.com,9000000305,Interested,Row 305 note
User 306,user306@example.com,9000000306,Interested,Row 306 note
User 307,user307@example.com,9000000307,Interested,Row 307 note
User 308,user308@example.com,9000000308,Interested,Row 308 note
User 309,user309@example.com,9000000309,Interested,Row 309 note
User 310,user310@example.com,9000000310,Interested,Row 310 note
User 311,user311@example.com,9000000311,Interested,Row 311 note
User 312,user312@example.com,9000000312,Interested,Row 312 note
User 313,user313@example.com,9000000313,Interested,Row 313 note
User 314,user314@example.com,9000000314,Interested,Row 314 note
User 315,user315@example.com,9000000315,Interested,Row 315 note
User 316,user316@example.com,9000000316,Interested,Row 316 note
User 317,user317@example.com,9000000317,Interested,Row 317 note
User 318,user318@example.com,9000000318,Interested,Row 318 note
User 319,user319@example.com,9000000319,Interested,Row 319 note
User 320,user320@example.com,9000000320,Interested,Row 320 note
User 321,user321@example.com,9000000321,Interested,Row 321 note
User 322,user322@example.com,9000000322,Interested,Row 322 note
User 323,user323@example.com,9000000323,Interested,Row 323 note
User 324,user324@example.com,9000000324,Interested,Row 324 note
User 325,user325@example.com,9000000325,Interested,Row 325 note
User 326,user326@example.com,9000000326,Interested,Row 326 note
User 327,user327@example.com,9000000327,Interested,Row 327 note
User 328,user328@example.com,9000000328,Interested,Row 328 note
User 329,user329@example.com,9000000329,Interested,Row 329 note
User 330,user330@example.com,9000000330,Interested,Row 330 note
User 331,user331@example.com,9000000331,Interested,Row 331 note
User 332,user332@example.com,9000000332,Interested,Row 332 note
User 333,user333@example.com,9000000333,Interested,Row 333 note
User 334,user334@example.com,9000000334,Interested,Row 334 note
User 335,user335@example.com,9000000335,Interested,Row 335 note
User 336,user336@example.com,9000000336,Interested,Row 336 note
User 337,user337@example.com,9000000337,Interested,Row 337 note
User 338,user338@example.com,9000000338,Interested,Row 338 note
User 339,user339@example.com,9000000339,Interested,Row 339 note
User 340,user340@example.com,9000000340,Interested,Row 340 note
User 341,user341@example.com,9000000341,Interested,Row 341 note
User 342,user342@example.com,9000000342,Interested,Row 342 note
User 343,user343@example.com,9000000343,Interested,Row 343 note
User 344,user344@example.com,9000000344,Interested,Row 344 note
User 345,user345@example.com,9000000345,Interested,Row 345 note
User 346,user346@example.com,9000000346,Interested,Row 346 note
User 347,user347@example.com,9000000347,Interested,Row 347 note
User 348,user348@example.com,9000000348,Interested,Row 348 note
User 349,user349@example.com,9000000349,Interested,Row 349 note
User 350,user350@example.com,9000000350,Interested,Row 350 note
User 351,user351@example.com,9000000351,Interested,Row 351 note
User 352,user352@example.com,9000000352,Interested,Row 352 note
User 353,user353@example.com,9000000353,Interested,Row 353 note
User 354,user354@example.com,9000000354,Interested,Row 354 note
User 355,user355@example.com,9000000355,Interested,Row 355 note
User 356,user356@example.com,9000000356,Interested,Row 356 note
User 357,user357@example.com,9000000357,Interested,Row 357 note
User 358,user358@example.com,9000000358,Interested,Row 358 note
User 359,user359@example.com,9000000359,Interested,Row 359 note
User 360,user360@example.com,9000000360,Interested,Row 360 note
User 361,user361@example.com,9000000361,Interested,Row 361 note
User 362,user362@example.com,9000000362,Interested,Row 362 note
User 363,user363@example.com,9000000363,Interested,Row 363 note
User 364,user364@example.com,9000000364,Interested,Row 364 note
User 365,user365@example.com,9000000365,Interested,Row 365 note
User 366,user366@example.com,9000000366,Interested,Row 366 note
User 367,user367@example.com,9000000367,Interested,Row 367 note
User 368,user368@example.com,9000000368,Interested,Row 368 note
User 369,user369@example.com,9000000369,Interested,Row 369 note
User 370,user370@example.com,9000000370,Interested,Row 370 note
User 371,user371@example.com,9000000371,Interested,Row 371 note
User 372,user372@example.com,9000000372,Interested,Row 372 note
User 373,user373@example.com,9000000373,Interested,Row 373 note
User 374,user374@example.com,9000000374,Interested,Row 374 note
User 375,user375@example.com,9000000375,Interested,Row 375 note
User 376,user376@example.com,9000000376,Interested,Row 376 note
User 377,user377@example.com,9000000377,Interested,Row 377 note
User 378,user378@example.com,9000000378,Interested,Row 378 note
User 379,user379@example.com,9000000379,Interested,Row 379 note
User 380,user380@example.com,9000000380,Interested,Row 380 note
User 381,user381@example.com,9000000381,Interested,Row 381 note
User 382,user382@example.com,9000000382,Interested,Row 382 note
User 383,user383@example.com,9000000383,Interested,Row 383 note
User 384,user384@example.com,9000000384,Interested,Row 384 note
User 385,user385@example.com,9000000385,Interested,Row 385 note
User 386,user386@example.com,9000000386,Interested,Row 386 note
User 387,user387@example.com,9000000387,Interested,Row 387 note
User 388,user388@example.com,9000000388,Interested,Row 388 note
User 389,user389@example.com,9000000389,Interested,Row 389 note
User 390,user390@example.com,9000000390,Interested,Row 390 note
User 391,user391@example.com,9000000391,Interested,Row 391 note
User 392,user392@example.com,9000000392,Interested,Row 392 note
User 393,user393@example.com,9000000393,Interested,Row 393 note
User 394,user394@example.com,9000000394,Interested,Row 394 note
User 395,user395@example.com,9000000395,Interested,Row 395 note
User 396,user396@example.com,9000000396,Interested,Row 396 note
User 397,user397@example.com,9000000397,Interested,Row 397 note
User 398,user398@example.com,9000000398,Interested,Row 398 note
User 399,user399@example.com,9000000399,Interested,Row 399 note
User 400,user400@example.com,9000000400,Interested,Row 400 note
User 401,user401@example.com,9000000401,Interested,Row 401 note
User 402,user402@example.com,9000000402,Interested,Row 402 note
User 403,user403@example.com,9000000403,Interested,Row 403 note
User 404,user404@example.com,9000000404,Interested,Row 404 note
User 405,user405@example.com,9000000405,Interested,Row 405 note
User 406,user406@example.com,9000000406,Interested,Row 406 note
User 407,user407@example.com,9000000407,Interested,Row 407 note
User 408,user408@example.com,9000000408,Interested,Row 408 note
User 409,user409@example.com,9000000409,Interested,Row 409 note
User 410,user410@example.com,9000000410,Interested,Row 410 note
User 411,user411@example.com,9000000411,Interested,Row 411 note
User 412,user412@example.com,9000000412,Interested,Row 412 note
User 413,user413@example.com,9000000413,Interested,Row 413 note
User 414,user414@example.com,9000000414,Interested,Row 414 note
User 415,user415@example.com,9000000415,Interested,Row 415 note
User 416,user416@example.com,9000000416,Interested,Row 416 note
User 417,user417@example.com,9000000417,Interested,Row 417 note
User 418,user418@example.com,9000000418,Interested,Row 418 note
User 419,user419@example.com,9000000419,Interested,Row 419 note
User 420,user420@example.com,9000000420,Interested,Row 420 note
User 421,user421@example.com,9000000421,Interested,Row 421 note
User 422,user422@example.com,9000000422,Interested,Row 422 note
User 423,user423@example.com,9000000423,Interested,Row 423 note
User 424,user424@example.com,9000000424,Interested,Row 424 note
User 425,user425@example.com,9000000425,Interested,Row 425 note
User 426,user426@example.com,9000000426,Interested,Row 426 note
User 427,user427@example.com,9000000427,Interested,Row 427 note
User 428,user428@example.com,9000000428,Interested,Row 428 note
User 429,user429@example.com,9000000429,Interested,Row 429 note
User 430,user430@example.com,9000000430,Interested,Row 430 note
User 431,user431@example.com,9000000431,Interested,Row 431 note
User 432,user432@example.com,9000000432,Interested,Row 432 note
User 433,user433@example.com,9000000433,Interested,Row 433 note
User 434,user434@example.com,9000000434,Interested,Row 434 note
User 435,user435@example.com,9000000435,Interested,Row 435 note
User 436,user436@example.com,9000000436,Interested,Row 436 note
User 437,user437@example.com,9000000437,Interested,Row 437 note
User 438,user438@example.com,9000000438,Interested,Row 438 note
User 439,user439@example.com,9000000439,Interested,Row 439 note
User 440,user440@example.com,9000000440,Interested,Row 440 note
User 441,user441@example.com,9000000441,Interested,Row 441 note
User 442,user442@example.com,9000000442,Interested,Row 442 note
User 443,user443@example.com,9000000443,Interested,Row 443 note
User 444,user444@example.com,9000000444,Interested,Row 444 note
User 445,user445@example.com,9000000445,Interested,Row 445 note
User 446,user446@example.com,9000000446,Interested,Row 446 note
User 447,user447@example.com,9000000447,Interested,Row 447 note
User 448,user448@example.com,9000000448,Interested,Row 448 note
User 449,user449@example.com,9000000449,Interested,Row 449 note
User 450,user450@example.com,9000000450,Interested,Row 450 note
User 451,user451@example.com,9000000451,Interested,Row 451 note
User 452,user452@example.com,9000000452,Interested,Row 452 note
User 453,user453@example.com,9000000453,Interested,Row 453 note
User 454,user454@example.com,9000000454,Interested,Row 454 note
User 455,user455@example.com,9000000455,Interested,Row 455 note
User 456,user456@example.com,9000000456,Interested,Row 456 note
User 457,user457@example.com,9000000457,Interested,Row 457 note
User 458,user458@example.com,9000000458,Interested,Row 458 note
User 459,user459@example.com,9000000459,Interested,Row 459 note
User 460,user460@example.com,9000000460,Interested,Row 460 note
User 461,user461@example.com,9000000461,Interested,Row 461 note
User 462,user462@example.com,9000000462,Interested,Row 462 note
User 463,user463@example.com,9000000463,Interested,Row 463 note
User 464,user464@example.com,9000000464,Interested,Row 464 note
User 465,user465@example.com,9000000465,Interested,Row 465 note
User 466,user466@example.com,9000000466,Interested,Row 466 note
User 467,user467@example.com,9000000467,Interested,Row 467 note
User 468,user468@example.com,9000000468,Interested,Row 468 note
User 469,user469@example.com,9000000469,Interested,Row 469 note
User 470,user470@example.com,9000000470,Interested,Row 470 note
User 471,user471@example.com,9000000471,Interested,Row 471 note
User 472,user472@example.com,9000000472,Interested,Row 472 note
User 473,user473@example.com,9000000473,Interested,Row 473 note
User 474,user474@example.com,9000000474,Interested,Row 474 note
User 475,user475@example.com,9000000475,Interested,Row 475 note
User 476,user476@example.com,9000000476,Interested,Row 476 note
User 477,user477@example.com,9000000477,Interested,Row 477 note
User 478,user478@example.com,9000000478,Interested,Row 478 note
User 479,user479@example.com,9000000479,Interested,Row 479 note
User 480,user480@example.com,9000000480,Interested,Row 480 note
User 481,user481@example.com,9000000481,Interested,Row 481 note
User 482,user482@example.com,9000000482,Interested,Row 482 note
User 483,user483@example.com,9000000483,Interested,Row 483 note
User 484,user484@example.com,9000000484,Interested,Row 484 note
User 485,user485@example.com,9000000485,Interested,Row 485 note
User 486,user486@example.com,9000000486,Interested,Row 486 note
User 487,user487@example.com,9000000487,Interested,Row 487 note
User 488,user488@example.com,9000000488,Interested,Row 488 note
User 489,user489@example.com,9000000489,Interested,Row 489 note
User 490,user490@example.com,9000000490,Interested,Row 490 note
User 491,user491@example.com,9000000491,Interested,Row 491 note
User 492,user492@example.com,9000000492,Interested,Row 492 note
User 493,user493@example.com,9000000493,Interested,Row 493 note
User 494,user494@example.com,9000000494,Interested,Row 494 note
User 495,user495@example.com,9000000495,Interested,Row 495 note
User 496,user496@example.com,9000000496,Interested,Row 496 note
User 497,user497@example.com,9000000497,Interested,Row 497 note
User 498,user498@example.com,9000000498,Interested,Row 498 note
User 499,user499@example.com,9000000499,Interested,Row 499 note
User 500,user500@example.com,9000000500,Interested,Row 500 note
User 501,user501@example.com,9000000501,Interested,Row 501 note
User 502,user502@example.com,9000000502,Interested,Row 502 note
User 503,user503@example.com,9000000503,Interested,Row 503 note
User 504,user504@example.com,9000000504,Interested,Row 504 note
User 505,user505@example.com,9000000505,Interested,Row 505 note
User 506,user506@example.com,9000000506,Interested,Row 506 note
User 507,user507@example.com,9000000507,Interested,Row 507 note
User 508,user508@example.com,9000000508,Interested,Row 508 note
User 509,user509@example.com,9000000509,Interested,Row 509 note
User 510,user510@example.com,9000000510,Interested,Row 510 note
User 511,user511@example.com,9000000511,Interested,Row 511 note
User 512,user512@example.com,9000000512,Interested,Row 512 note
User 513,user513@example.com,9000000513,Interested,Row 513 note
User 514,user514@example.com,9000000514,Interested,Row 514 note
User 515,user515@example.com,9000000515,Interested,Row 515 note
User 516,user516@example.com,9000000516,Interested,Row 516 note
User 517,user517@example.com,9000000517,Interested,Row 517 note
User 518,user518@example.com,9000000518,Interested,Row 518 note
User 519,user519@example.com,9000000519,Interested,Row 519 note
User 520,user520@example.com,9000000520,Interested,Row 520 note
User 521,user521@example.com,9000000521,Interested,Row 521 note
User 522,user522@example.com,9000000522,Interested,Row 522 note
User 523,user523@example.com,9000000523,Interested,Row 523 note
User 524,user524@example.com,9000000524,Interested,Row 524 note
User 525,user525@example.com,9000000525,Interested,Row 525 note
User 526,user526@example.com,9000000526,Interested,Row 526 note
User 527,user527@example.com,9000000527,Interested,Row 527 note
User 528,user528@example.com,9000000528,Interested,Row 528 note
User 529,user529@example.com,9000000529,Interested,Row 529 note
User 530,user530@example.com,9000000530,Interested,Row 530 note
User 531,user531@example.com,9000000531,Interested,Row 531 note
User 532,user532@example.com,9000000532,Interested,Row 532 note
User 533,user533@example.com,9000000533,Interested,Row 533 note
User 534,user534@example.com,9000000534,Interested,Row 534 note
User 535,user535@example.com,9000000535,Interested,Row 535 note
User 536,user536@example.com,9000000536,Interested,Row 536 note
User 537,user537@example.com,9000000537,Interested,Row 537 note
User 538,user538@example.com,9000000538,Interested,Row 538 note
User 539,user539@example.com,9000000539,Interested,Row 539 note
User 540,user540@example.com,9000000540,Interested,Row 540 note
User 541,user541@example.com,9000000541,Interested,Row 541 note
User 542,user542@example.com,9000000542,Interested,Row 542 note
User 543,user543@example.com,9000000543,Interested,Row 543 note
User 544,user544@example.com,9000000544,Interested,Row 544 note
User 545,user545@example.com,9000000545,Interested,Row 545 note
User 546,user546@example.com,9000000546,Interested,Row 546 note
User 547,user547@example.com,9000000547,Interested,Row 547 note
User 548,user548@example.com,9000000548,Interested,Row 548 note
User 549,user549@example.com,9000000549,Interested,Row 549 note
User 550,user550@example.com,9000000550,Interested,Row 550 note
User 551,user551@example.com,9000000551,Interested,Row 551 note
User 552,user552@example.com,9000000552,Interested,Row 552 note
User 553,user553@example.com,9000000553,Interested,Row 553 note
User 554,user554@example.com,9000000554,Interested,Row 554 note
User 555,user555@example.com,9000000555,Interested,Row 555 note
User 556,user556@example.com,9000000556,Interested,Row 556 note
User 557,user557@example.com,9000000557,Interested,Row 557 note
User 558,user558@example.com,9000000558,Interested,Row 558 note
User 559,user559@example.com,9000000559,Interested,Row 559 note
User 560,user560@example.com,9000000560,Interested,Row 560 note
User 561,user561@example.com,9000000561,Interested,Row 561 note
User 562,user562@example.com,9000000562,Interested,Row 562 note
User 563,user563@example.com,9000000563,Interested,Row 563 note
User 564,user564@example.com,9000000564,Interested,Row 564 note
User 565,user565@example.com,9000000565,Interested,Row 565 note
User 566,user566@example.com,9000000566,Interested,Row 566 note
User 567,user567@example.com,9000000567,Interested,Row 567 note
User 568,user568@example.com,9000000568,Interested,Row 568 note
User 569,user569@example.com,9000000569,Interested,Row 569 note
User 570,user570@example.com,9000000570,Interested,Row 570 note
User 571,user571@example.com,9000000571,Interested,Row 571 note
User 572,user572@example.com,9000000572,Interested,Row 572 note
User 573,user573@example.com,9000000573,Interested,Row 573 note
User 574,user574@example.com,9000000574,Interested,Row 574 note
User 575,user575@example.com,9000000575,Interested,Row 575 note
User 576,user576@example.com,9000000576,Interested,Row 576 note
User 577,user577@example.com,9000000577,Interested,Row 577 note
User 578,user578@example.com,9000000578,Interested,Row 578 note
User 579,user579@example.com,9000000579,Interested,Row 579 note
User 580,user580@example.com,9000000580,Interested,Row 580 note
User 581,user581@example.com,9000000581,Interested,Row 581 note
User 582,user582@example.com,9000000582,Interested,Row 582 note
User 583,user583@example.com,9000000583,Interested,Row 583 note
User 584,user584@example.com,9000000584,Interested,Row 584 note
User 585,user585@example.com,9000000585,Interested,Row 585 note
User 586,user586@example.com,9000000586,Interested,Row 586 note
User 587,user587@example.com,9000000587,Interested,Row 587 note
User 588,user588@example.com,9000000588,Interested,Row 588 note
User 589,user589@example.com,9000000589,Interested,Row 589 note
User 590,user590@example.com,9000000590,Interested,Row 590 note
User 591,user591@example.com,9000000591,Interested,Row 591 note
User 592,user592@example.com,9000000592,Interested,Row 592 note
User 593,user593@example.com,9000000593,Interested,Row 593 note
User 594,user594@example.com,9000000594,Interested,Row 594 note
User 595,user595@example.com,9000000595,Interested,Row 595 note
User 596,user596@example.com,9000000596,Interested,Row 596 note
User 597,user597@example.com,9000000597,Interested,Row 597 note
User 598,user598@example.com,9000000598,Interested,Row 598 note
User 599,user599@example.com,9000000599,Interested,Row 599 note
User 600,user600@example.com,9000000600,Interested,Row 600 note
User 601,user601@example.com,9000000601,Interested,Row 601 note
User 602,user602@example.com,9000000602,Interested,Row 602 note
User 603,user603@example.com,9000000603,Interested,Row 603 note
User 604,user604@example.com,9000000604,Interested,Row 604 note
User 605,user605@example.com,9000000605,Interested,Row 605 note
User 606,user606@example.com,9000000606,Interested,Row 606 note
User 607,user607@example.com,9000000607,Interested,Row 607 note
User 608,user608@example.com,9000000608,Interested,Row 608 note
User 609,user609@example.com,9000000609,Interested,Row 609 note
User 610,user610@example.com,9000000610,Interested,Row 610 note
User 611,user611@example.com,9000000611,Interested,Row 611 note
User 612,user612@example.com,9000000612,Interested,Row 612 note
User 613,user613@example.com,9000000613,Interested,Row 613 note
User 614,user614@example.com,9000000614,Interested,Row 614 note
User 615,user615@example.com,9000000615,Interested,Row 615 note
User 616,user616@example.com,9000000616,Interested,Row 616 note
User 617,user617@example.com,9000000617,Interested,Row 617 note
User 618,user618@example.com,9000000618,Interested,Row 618 note
User 619,user619@example.com,9000000619,Interested,Row 619 note
User 620,user620@example.com,9000000620,Interested,Row 620 note
User 621,user621@example.com,9000000621,Interested,Row 621 note
User 622,user622@example.com,9000000622,Interested,Row 622 note
User 623,user623@example.com,9000000623,Interested,Row 623 note
User 624,user624@example.com,9000000624,Interested,Row 624 note
User 625,user625@example.com,9000000625,Interested,Row 625 note
User 626,user626@example.com,9000000626,Interested,Row 626 note
User 627,user627@example.com,9000000627,Interested,Row 627 note
User 628,user628@example.com,9000000628,Interested,Row 628 note
User 629,user629@example.com,9000000629,Interested,Row 629 note
User 630,user630@example.com,9000000630,Interested,Row 630 note
User 631,user631@example.com,9000000631,Interested,Row 631 note
User 632,user632@example.com,9000000632,Interested,Row 632 note
User 633,user633@example.com,9000000633,Interested,Row 633 note
User 634,user634@example.com,9000000634,Interested,Row 634 note
User 635,user635@example.com,9000000635,Interested,Row 635 note
User 636,user636@example.com,9000000636,Interested,Row 636 note
User 637,user637@example.com,9000000637,Interested,Row 637 note
User 638,user638@example.com,9000000638,Interested,Row 638 note
User 639,user639@example.com,9000000639,Interested,Row 639 note
User 640,user640@example.com,9000000640,Interested,Row 640 note
User 641,user641@example.com,9000000641,Interested,Row 641 note
User 642,user642@example.com,9000000642,Interested,Row 642 note
User 643,user643@example.com,9000000643,Interested,Row 643 note
User 644,user644@example.com,9000000644,Interested,Row 644 note
User 645,user645@example.com,9000000645,Interested,Row 645 note
User 646,user646@example.com,9000000646,Interested,Row 646 note
User 647,user647@example.com,9000000647,Interested,Row 647 note
User 648,user648@example.com,9000000648,Interested,Row 648 note
User 649,user649@example.com,9000000649,Interested,Row 649 note
User 650,user650@example.com,9000000650,Interested,Row 650 note
User 651,user651@example.com,9000000651,Interested,Row 651 note
User 652,user652@example.com,9000000652,Interested,Row 652 note
User 653,user653@example.com,9000000653,Interested,Row 653 note
User 654,user654@example.com,9000000654,Interested,Row 654 note
User 655,user655@example.com,9000000655,Interested,Row 655 note
User 656,user656@example.com,9000000656,Interested,Row 656 note
User 657,user657@example.com,9000000657,Interested,Row 657 note
User 658,user658@example.com,9000000658,Interested,Row 658 note
User 659,user659@example.com,9000000659,Interested,Row 659 note
User 660,user660@example.com,9000000660,Interested,Row 660 note
User 661,user661@example.com,9000000661,Interested,Row 661 note
User 662,user662@example.com,9000000662,Interested,Row 662 note
User 663,user663@example.com,9000000663,Interested,Row 663 note
User 664,user664@example.com,9000000664,Interested,Row 664 note
User 665,user665@example.com,9000000665,Interested,Row 665 note
User 666,user666@example.com,9000000666,Interested,Row 666 note
User 667,user667@example.com,9000000667,Interested,Row 667 note
User 668,user668@example.com,9000000668,Interested,Row 668 note
User 669,user669@example.com,9000000669,Interested,Row 669 note
User 670,user670@example.com,9000000670,Interested,Row 670 note
User 671,user671@example.com,9000000671,Interested,Row 671 note
User 672,user672@example.com,9000000672,Interested,Row 672 note
User 673,user673@example.com,9000000673,Interested,Row 673 note
User 674,user674@example.com,9000000674,Interested,Row 674 note
User 675,user675@example.com,9000000675,Interested,Row 675 note
User 676,user676@example.com,9000000676,Interested,Row 676 note
User 677,user677@example.com,9000000677,Interested,Row 677 note
User 678,user678@example.com,9000000678,Interested,Row 678 note
User 679,user679@example.com,9000000679,Interested,Row 679 note
User 680,user680@example.com,9000000680,Interested,Row 680 note
User 681,user681@example.com,9000000681,Interested,Row 681 note
User 682,user682@example.com,9000000682,Interested,Row 682 note
User 683,user683@example.com,9000000683,Interested,Row 683 note
User 684,user684@example.com,9000000684,Interested,Row 684 note
User 685,user685@example.com,9000000685,Interested,Row 685 note
User 686,user686@example.com,9000000686,Interested,Row 686 note
User 687,user687@example.com,9000000687,Interested,Row 687 note
User 688,user688@example.com,9000000688,Interested,Row 688 note
User 689,user689@example.com,9000000689,Interested,Row 689 note
User 690,user690@example.com,9000000690,Interested,Row 690 note
User 691,user691@example.com,9000000691,Interested,Row 691 note
User 692,user692@example.com,9000000692,Interested,Row 692 note
User 693,user693@example.com,9000000693,Interested,Row 693 note
User 694,user694@example.com,9000000694,Interested,Row 694 note
User 695,user695@example.com,9000000695,Interested,Row 695 note
User 696,user696@example.com,9000000696,Interested,Row 696 note
User 697,user697@example.com,9000000697,Interested,Row 697 note
User 698,user698@example.com,9000000698,Interested,Row 698 note
User 699,user699@example.com,9000000699,Interested,Row 699 note
User 700,user700@example.com,9000000700,Interested,Row 700 note
User 701,user701@example.com,9000000701,Interested,Row 701 note
User 702,user702@example.com,9000000702,Interested,Row 702 note
User 703,user703@example.com,9000000703,Interested,Row 703 note
User 704,user704@example.com,9000000704,Interested,Row 704 note
User 705,user705@example.com,9000000705,Interested,Row 705 note
User 706,user706@example.com,9000000706,Interested,Row 706 note
User 707,user707@example.com,9000000707,Interested,Row 707 note
User 708,user708@example.com,9000000708,Interested,Row 708 note
User 709,user709@example.com,9000000709,Interested,Row 709 note
User 710,user710@example.com,9000000710,Interested,Row 710 note
User 711,user711@example.com,9000000711,Interested,Row 711 note
User 712,user712@example.com,9000000712,Interested,Row 712 note
User 713,user713@example.com,9000000713,Interested,Row 713 note
User 714,user714@example.com,9000000714,Interested,Row 714 note
User 715,user715@example.com,9000000715,Interested,Row 715 note
User 716,user716@example.com,9000000716,Interested,Row 716 note
User 717,user717@example.com,9000000717,Interested,Row 717 note
User 718,user718@example.com,9000000718,Interested,Row 718 note
User 719,user719@example.com,9000000719,Interested,Row 719 note
User 720,user720@example.com,9000000720,Interested,Row 720 note
User 721,user721@example.com,9000000721,Interested,Row 721 note
User 722,user722@example.com,9000000722,Interested,Row 722 note
User 723,user723@example.com,9000000723,Interested,Row 723 note
User 724,user724@example.com,9000000724,Interested,Row 724 note
User 725,user725@example.com,9000000725,Interested,Row 725 note
User 726,user726@example.com,9000000726,Interested,Row 726 note
User 727,user727@example.com,9000000727,Interested,Row 727 note
User 728,user728@example.com,9000000728,Interested,Row 728 note
User 729,user729@example.com,9000000729,Interested,Row 729 note
User 730,user730@example.com,9000000730,Interested,Row 730 note
User 731,user731@example.com,9000000731,Interested,Row 731 note
User 732,user732@example.com,9000000732,Interested,Row 732 note
User 733,user733@example.com,9000000733,Interested,Row 733 note
User 734,user734@example.com,9000000734,Interested,Row 734 note
User 735,user735@example.com,9000000735,Interested,Row 735 note
User 736,user736@example.com,9000000736,Interested,Row 736 note
User 737,user737@example.com,9000000737,Interested,Row 737 note
User 738,user738@example.com,9000000738,Interested,Row 738 note
User 739,user739@example.com,9000000739,Interested,Row 739 note
User 740,user740@example.com,9000000740,Interested,Row 740 note
User 741,user741@example.com,9000000741,Interested,Row 741 note
User 742,user742@example.com,9000000742,Interested,Row 742 note
User 743,user743@example.com,9000000743,Interested,Row 743 note
User 744,user744@example.com,9000000744,Interested,Row 744 note
User 745,user745@example.com,9000000745,Interested,Row 745 note
User 746,user746@example.com,9000000746,Interested,Row 746 note
User 747,user747@example.com,9000000747,Interested,Row 747 note
User 748,user748@example.com,9000000748,Interested,Row 748 note
User 749,user749@example.com,9000000749,Interested,Row 749 note
User 750,user750@example.com,9000000750,Interested,Row 750 note
User 751,user751@example.com,9000000751,Interested,Row 751 note
User 752,user752@example.com,9000000752,Interested,Row 752 note
User 753,user753@example.com,9000000753,Interested,Row 753 note
User 754,user754@example.com,9000000754,Interested,Row 754 note
User 755,user755@example.com,9000000755,Interested,Row 755 note
User 756,user756@example.com,9000000756,Interested,Row 756 note
User 757,user757@example.com,9000000757,Interested,Row 757 note
User 758,user758@example.com,9000000758,Interested,Row 758 note
User 759,user759@example.com,9000000759,Interested,Row 759 note
User 760,user760@example.com,9000000760,Interested,Row 760 note
User 761,user761@example.com,9000000761,Interested,Row 761 note
User 762,user762@example.com,9000000762,Interested,Row 762 note
User 763,user763@example.com,9000000763,Interested,Row 763 note
User 764,user764@example.com,9000000764,Interested,Row 764 note
User 765,user765@example.com,9000000765,Interested,Row 765 note
User 766,user766@example.com,9000000766,Interested,Row 766 note
User 767,user767@example.com,9000000767,Interested,Row 767 note
User 768,user768@example.com,9000000768,Interested,Row 768 note
User 769,user769@example.com,9000000769,Interested,Row 769 note
User 770,user770@example.com,9000000770,Interested,Row 770 note
User 771,user771@example.com,9000000771,Interested,Row 771 note
User 772,user772@example.com,9000000772,Interested,Row 772 note
User 773,user773@example.com,9000000773,Interested,Row 773 note
User 774,user774@example.com,9000000774,Interested,Row 774 note
User 775,user775@example.com,9000000775,Interested,Row 775 note
User 776,user776@example.com,9000000776,Interested,Row 776 note
User 777,user777@example.com,9000000777,Interested,Row 777 note
User 778,user778@example.com,9000000778,Interested,Row 778 note
User 779,user779@example.com,9000000779,Interested,Row 779 note
User 780,user780@example.com,9000000780,Interested,Row 780 note
User 781,user781@example.com,9000000781,Interested,Row 781 note
User 782,user782@example.com,9000000782,Interested,Row 782 note
User 783,user783@example.com,9000000783,Interested,Row 783 note
User 784,user784@example.com,9000000784,Interested,Row 784 note
User 785,user785@example.com,9000000785,Interested,Row 785 note
User 786,user786@example.com,9000000786,Interested,Row 786 note
User 787,user787@example.com,9000000787,Interested,Row 787 note
User 788,user788@example.com,9000000788,Interested,Row 788 note
User 789,user789@example.com,9000000789,Interested,Row 789 note
User 790,user790@example.com,9000000790,Interested,Row 790 note
User 791,user791@example.com,9000000791,Interested,Row 791 note
User 792,user792@example.com,9000000792,Interested,Row 792 note
User 793,user793@example.com,9000000793,Interested,Row 793 note
User 794,user794@example.com,9000000794,Interested,Row 794 note
User 795,user795@example.com,9000000795,Interested,Row 795 note
User 796,user796@example.com,9000000796,Interested,Row 796 note
User 797,user797@example.com,9000000797,Interested,Row 797 note
User 798,user798@example.com,9000000798,Interested,Row 798 note
User 799,user799@example.com,9000000799,Interested,Row 799 note
User 800,user800@example.com,9000000800,Interested,Row 800 note
User 801,user801@example.com,9000000801,Interested,Row 801 note
User 802,user802@example.com,9000000802,Interested,Row 802 note
User 803,user803@example.com,9000000803,Interested,Row 803 note
User 804,user804@example.com,9000000804,Interested,Row 804 note
User 805,user805@example.com,9000000805,Interested,Row 805 note
User 806,user806@example.com,9000000806,Interested,Row 806 note
User 807,user807@example.com,9000000807,Interested,Row 807 note
User 808,user808@example.com,9000000808,Interested,Row 808 note
User 809,user809@example.com,9000000809,Interested,Row 809 note
User 810,user810@example.com,9000000810,Interested,Row 810 note
User 811,user811@example.com,9000000811,Interested,Row 811 note
User 812,user812@example.com,9000000812,Interested,Row 812 note
User 813,user813@example.com,9000000813,Interested,Row 813 note
User 814,user814@example.com,9000000814,Interested,Row 814 note
User 815,user815@example.com,9000000815,Interested,Row 815 note
User 816,user816@example.com,9000000816,Interested,Row 816 note
User 817,user817@example.com,9000000817,Interested,Row 817 note
User 818,user818@example.com,9000000818,Interested,Row 818 note
User 819,user819@example.com,9000000819,Interested,Row 819 note
User 820,user820@example.com,9000000820,Interested,Row 820 note
User 821,user821@example.com,9000000821,Interested,Row 821 note
User 822,user822@example.com,9000000822,Interested,Row 822 note
User 823,user823@example.com,9000000823,Interested,Row 823 note
User 824,user824@example.com,9000000824,Interested,Row 824 note
User 825,user825@example.com,9000000825,Interested,Row 825 note
User 826,user826@example.com,9000000826,Interested,Row 826 note
User 827,user827@example.com,9000000827,Interested,Row 827 note
User 828,user828@example.com,9000000828,Interested,Row 828 note
User 829,user829@example.com,9000000829,Interested,Row 829 note
User 830,user830@example.com,9000000830,Interested,Row 830 note
User 831,user831@example.com,9000000831,Interested,Row 831 note
User 832,user832@example.com,9000000832,Interested,Row 832 note
User 833,user833@example.com,9000000833,Interested,Row 833 note
User 834,user834@example.com,9000000834,Interested,Row 834 note
User 835,user835@example.com,9000000835,Interested,Row 835 note
User 836,user836@example.com,9000000836,Interested,Row 836 note
User 837,user837@example.com,9000000837,Interested,Row 837 note
User 838,user838@example.com,9000000838,Interested,Row 838 note
User 839,user839@example.com,9000000839,Interested,Row 839 note
User 840,user840@example.com,9000000840,Interested,Row 840 note
User 841,user841@example.com,9000000841,Interested,Row 841 note
User 842,user842@example.com,9000000842,Interested,Row 842 note
User 843,user843@example.com,9000000843,Interested,Row 843 note
User 844,user844@example.com,9000000844,Interested,Row 844 note
User 845,user845@example.com,9000000845,Interested,Row 845 note
User 846,user846@example.com,9000000846,Interested,Row 846 note
User 847,user847@example.com,9000000847,Interested,Row 847 note
User 848,user848@example.com,9000000848,Interested,Row 848 note
User 849,user849@example.com,9000000849,Interested,Row 849 note
User 850,user850@example.com,9000000850,Interested,Row 850 note
User 851,user851@example.com,9000000851,Interested,Row 851 note
User 852,user852@example.com,9000000852,Interested,Row 852 note
User 853,user853@example.com,9000000853,Interested,Row 853 note
User 854,user854@example.com,9000000854,Interested,Row 854 note
User 855,user855@example.com,9000000855,Interested,Row 855 note
User 856,user856@example.com,9000000856,Interested,Row 856 note
User 857,user857@example.com,9000000857,Interested,Row 857 note
User 858,user858@example.com,9000000858,Interested,Row 858 note
User 859,user859@example.com,9000000859,Interested,Row 859 note
User 860,user860@example.com,9000000860,Interested,Row 860 note
User 861,user861@example.com,9000000861,Interested,Row 861 note
User 862,user862@example.com,9000000862,Interested,Row 862 note
User 863,user863@example.com,9000000863,Interested,Row 863 note
User 864,user864@example.com,9000000864,Interested,Row 864 note
User 865,user865@example.com,9000000865,Interested,Row 865 note
User 866,user866@example.com,9000000866,Interested,Row 866 note
User 867,user867@example.com,9000000867,Interested,Row 867 note
User 868,user868@example.com,9000000868,Interested,Row 868 note
User 869,user869@example.com,9000000869,Interested,Row 869 note
User 870,user870@example.com,9000000870,Interested,Row 870 note
User 871,user871@example.com,9000000871,Interested,Row 871 note
User 872,user872@example.com,9000000872,Interested,Row 872 note
User 873,user873@example.com,9000000873,Interested,Row 873 note
User 874,user874@example.com,9000000874,Interested,Row 874 note
User 875,user875@example.com,9000000875,Interested,Row 875 note
User 876,user876@example.com,9000000876,Interested,Row 876 note
User 877,user877@example.com,9000000877,Interested,Row 877 note
User 878,user878@example.com,9000000878,Interested,Row 878 note
User 879,user879@example.com,9000000879,Interested,Row 879 note
User 880,user880@example.com,9000000880,Interested,Row 880 note
User 881,user881@example.com,9000000881,Interested,Row 881 note
User 882,user882@example.com,9000000882,Interested,Row 882 note
User 883,user883@example.com,9000000883,Interested,Row 883 note
User 884,user884@example.com,9000000884,Interested,Row 884 note
User 885,user885@example.com,9000000885,Interested,Row 885 note
User 886,user886@example.com,9000000886,Interested,Row 886 note
User 887,user887@example.com,9000000887,Interested,Row 887 note
User 888,user888@example.com,9000000888,Interested,Row 888 note
User 889,user889@example.com,9000000889,Interested,Row 889 note
User 890,user890@example.com,9000000890,Interested,Row 890 note
User 891,user891@example.com,9000000891,Interested,Row 891 note
User 892,user892@example.com,9000000892,Interested,Row 892 note
User 893,user893@example.com,9000000893,Interested,Row 893 note
User 894,user894@example.com,9000000894,Interested,Row 894 note
User 895,user895@example.com,9000000895,Interested,Row 895 note
User 896,user896@example.com,9000000896,Interested,Row 896 note
User 897,user897@example.com,9000000897,Interested,Row 897 note
User 898,user898@example.com,9000000898,Interested,Row 898 note
User 899,user899@example.com,9000000899,Interested,Row 899 note
User 900,user900@example.com,9000000900,Interested,Row 900 note
User 901,user901@example.com,9000000901,Interested,Row 901 note
User 902,user902@example.com,9000000902,Interested,Row 902 note
User 903,user903@example.com,9000000903,Interested,Row 903 note
User 904,user904@example.com,9000000904,Interested,Row 904 note
User 905,user905@example.com,9000000905,Interested,Row 905 note
User 906,user906@example.com,9000000906,Interested,Row 906 note
User 907,user907@example.com,9000000907,Interested,Row 907 note
User 908,user908@example.com,9000000908,Interested,Row 908 note
User 909,user909@example.com,9000000909,Interested,Row 909 note
User 910,user910@example.com,9000000910,Interested,Row 910 note
User 911,user911@example.com,9000000911,Interested,Row 911 note
User 912,user912@example.com,9000000912,Interested,Row 912 note
User 913,user913@example.com,9000000913,Interested,Row 913 note
User 914,user914@example.com,9000000914,Interested,Row 914 note
User 915,user915@example.com,9000000915,Interested,Row 915 note
User 916,user916@example.com,9000000916,Interested,Row 916 note
User 917,user917@example.com,9000000917,Interested,Row 917 note
User 918,user918@example.com,9000000918,Interested,Row 918 note
User 919,user919@example.com,9000000919,Interested,Row 919 note
User 920,user920@example.com,9000000920,Interested,Row 920 note
User 921,user921@example.com,9000000921,Interested,Row 921 note
User 922,user922@example.com,9000000922,Interested,Row 922 note
User 923,user923@example.com,9000000923,Interested,Row 923 note
User 924,user924@example.com,9000000924,Interested,Row 924 note
User 925,user925@example.com,9000000925,Interested,Row 925 note
User 926,user926@example.com,9000000926,Interested,Row 926 note
User 927,user927@example.com,9000000927,Interested,Row 927 note
User 928,user928@example.com,9000000928,Interested,Row 928 note
User 929,user929@example.com,9000000929,Interested,Row 929 note
User 930,user930@example.com,9000000930,Interested,Row 930 note
User 931,user931@example.com,9000000931,Interested,Row 931 note
User 932,user932@example.com,9000000932,Interested,Row 932 note
User 933,user933@example.com,9000000933,Interested,Row 933 note
User 934,user934@example.com,9000000934,Interested,Row 934 note
User 935,user935@example.com,9000000935,Interested,Row 935 note
User 936,user936@example.com,9000000936,Interested,Row 936 note
User 937,user937@example.com,9000000937,Interested,Row 937 note
User 938,user938@example.com,9000000938,Interested,Row 938 note
User 939,user939@example.com,9000000939,Interested,Row 939 note
User 940,user940@example.com,9000000940,Interested,Row 940 note
User 941,user941@example.com,9000000941,Interested,Row 941 note
User 942,user942@example.com,9000000942,Interested,Row 942 note
User 943,user943@example.com,9000000943,Interested,Row 943 note
User 944,user944@example.com,9000000944,Interested,Row 944 note
User 945,user945@example.com,9000000945,Interested,Row 945 note
User 946,user946@example.com,9000000946,Interested,Row 946 note
User 947,user947@example.com,9000000947,Interested,Row 947 note
User 948,user948@example.com,9000000948,Interested,Row 948 note
User 949,user949@example.com,9000000949,Interested,Row 949 note
User 950,user950@example.com,9000000950,Interested,Row 950 note
User 951,user951@example.com,9000000951,Interested,Row 951 note
User 952,user952@example.com,9000000952,Interested,Row 952 note
User 953,user953@example.com,9000000953,Interested,Row 953 note
User 954,user954@example.com,9000000954,Interested,Row 954 note
User 955,user955@example.com,9000000955,Interested,Row 955 note
User 956,user956@example.com,9000000956,Interested,Row 956 note
User 957,user957@example.com,9000000957,Interested,Row 957 note
User 958,user958@example.com,9000000958,Interested,Row 958 note
User 959,user959@example.com,9000000959,Interested,Row 959 note
User 960,user960@example.com,9000000960,Interested,Row 960 note
User 961,user961@example.com,9000000961,Interested,Row 961 note
User 962,user962@example.com,9000000962,Interested,Row 962 note
User 963,user963@example.com,9000000963,Interested,Row 963 note
User 964,user964@example.com,9000000964,Interested,Row 964 note
User 965,user965@example.com,9000000965,Interested,Row 965 note
User 966,user966@example.com,9000000966,Interested,Row 966 note
User 967,user967@example.com,9000000967,Interested,Row 967 note
User 968,user968@example.com,9000000968,Interested,Row 968 note
User 969,user969@example.com,9000000969,Interested,Row 969 note
User 970,user970@example.com,9000000970,Interested,Row 970 note
User 971,user971@example.com,9000000971,Interested,Row 971 note
User 972,user972@example.com,9000000972,Interested,Row 972 note
User 973,user973@example.com,9000000973,Interested,Row 973 note
User 974,user974@example.com,9000000974,Interested,Row 974 note
User 975,user975@example.com,9000000975,Interested,Row 975 note
User 976,user976@example.com,9000000976,Interested,Row 976 note
User 977,user977@example.com,9000000977,Interested,Row 977 note
User 978,user978@example.com,9000000978,Interested,Row 978 note
User 979,user979@example.com,9000000979,Interested,Row 979 note
User 980,user980@example.com,9000000980,Interested,Row 980 note
User 981,user981@example.com,9000000981,Interested,Row 981 note
User 982,user982@example.com,9000000982,Interested,Row 982 note
User 983,user983@example.com,9000000983,Interested,Row 983 note
User 984,user984@example.com,9000000984,Interested,Row 984 note
User 985,user985@example.com,9000000985,Interested,Row 985 note
User 986,user986@example.com,9000000986,Interested,Row 986 note
User 987,user987@example.com,9000000987,Interested,Row 987 note
User 988,user988@example.com,9000000988,Interested,Row 988 note
User 989,user989@example.com,9000000989,Interested,Row 989 note
User 990,user990@example.com,9000000990,Interested,Row 990 note
User 991,user991@example.com,9000000991,Interested,Row 991 note
User 992,user992@example.com,9000000992,Interested,Row 992 note
User 993,user993@example.com,9000000993,Interested,Row 993 note
User 994,user994@example.com,9000000994,Interested,Row 994 note
User 995,user995@example.com,9000000995,Interested,Row 995 note
User 996,user996@example.com,9000000996,Interested,Row 996 note
User 997,user997@example.com,9000000997,Interested,Row 997 note
User 998,user998@example.com,9000000998,Interested,Row 998 note
User 999,user999@example.com,9000000999,Interested,Row 999 note
User 1000,user1000@example.com,9000001000,Interested,Row 1000 note
User 1001,user1001@example.com,9000001001,Interested,Row 1001 note
User 1002,user1002@example.com,9000001002,Interested,Row 1002 note
User 1003,user1003@example.com,9000001003,Interested,Row 1003 note
User 1004,user1004@example.com,9000001004,Interested,Row 1004 note
User 1005,user1005@example.com,9000001005,Interested,Row 1005 note
User 1006,user1006@example.com,9000001006,Interested,Row 1006 note
User 1007,user1007@example.com,9000001007,Interested,Row 1007 note
User 1008,user1008@example.com,9000001008,Interested,Row 1008 note
User 1009,user1009@example.com,9000001009,Interested,Row 1009 note
User 1010,user1010@example.com,9000001010,Interested,Row 1010 note
User 1011,user1011@example.com,9000001011,Interested,Row 1011 note
User 1012,user1012@example.com,9000001012,Interested,Row 1012 note
User 1013,user1013@example.com,9000001013,Interested,Row 1013 note
User 1014,user1014@example.com,9000001014,Interested,Row 1014 note
User 1015,user1015@example.com,9000001015,Interested,Row 1015 note
User 1016,user1016@example.com,9000001016,Interested,Row 1016 note
User 1017,user1017@example.com,9000001017,Interested,Row 1017 note
User 1018,user1018@example.com,9000001018,Interested,Row 1018 note
User 1019,user1019@example.com,9000001019,Interested,Row 1019 note
User 1020,user1020@example.com,9000001020,Interested,Row 1020 note
User 1021,user1021@example.com,9000001021,Interested,Row 1021 note
User 1022,user1022@example.com,9000001022,Interested,Row 1022 note
User 1023,user1023@example.com,9000001023,Interested,Row 1023 note
User 1024,user1024@example.com,9000001024,Interested,Row 1024 note
User 1025,user1025@example.com,9000001025,Interested,Row 1025 note
User 1026,user1026@example.com,9000001026,Interested,Row 1026 note
User 1027,user1027@example.com,9000001027,Interested,Row 1027 note
User 1028,user1028@example.com,9000001028,Interested,Row 1028 note
User 1029,user1029@example.com,9000001029,Interested,Row 1029 note
User 1030,user1030@example.com,9000001030,Interested,Row 1030 note
User 1031,user1031@example.com,9000001031,Interested,Row 1031 note
User 1032,user1032@example.com,9000001032,Interested,Row 1032 note
User 1033,user1033@example.com,9000001033,Interested,Row 1033 note
User 1034,user1034@example.com,9000001034,Interested,Row 1034 note
User 1035,user1035@example.com,9000001035,Interested,Row 1035 note
User 1036,user1036@example.com,9000001036,Interested,Row 1036 note
User 1037,user1037@example.com,9000001037,Interested,Row 1037 note
User 1038,user1038@example.com,9000001038,Interested,Row 1038 note
User 1039,user1039@example.com,9000001039,Interested,Row 1039 note
User 1040,user1040@example.com,9000001040,Interested,Row 1040 note
User 1041,user1041@example.com,9000001041,Interested,Row 1041 note
User 1042,user1042@example.com,9000001042,Interested,Row 1042 note
User 1043,user1043@example.com,9000001043,Interested,Row 1043 note
User 1044,user1044@example.com,9000001044,Interested,Row 1044 note
User 1045,user1045@example.com,9000001045,Interested,Row 1045 note
User 1046,user1046@example.com,9000001046,Interested,Row 1046 note
User 1047,user1047@example.com,9000001047,Interested,Row 1047 note
User 1048,user1048@example.com,9000001048,Interested,Row 1048 note
User 1049,user1049@example.com,9000001049,Interested,Row 1049 note
User 1050,user1050@example.com,9000001050,Interested,Row 1050 note
User 1051,user1051@example.com,9000001051,Interested,Row 1051 note
User 1052,user1052@example.com,9000001052,Interested,Row 1052 note
User 1053,user1053@example.com,9000001053,Interested,Row 1053 note
User 1054,user1054@example.com,9000001054,Interested,Row 1054 note
User 1055,user1055@example.com,9000001055,Interested,Row 1055 note
User 1056,user1056@example.com,9000001056,Interested,Row 1056 note
User 1057,user1057@example.com,9000001057,Interested,Row 1057 note
User 1058,user1058@example.com,9000001058,Interested,Row 1058 note
User 1059,user1059@example.com,9000001059,Interested,Row 1059 note
User 1060,user1060@example.com,9000001060,Interested,Row 1060 note
User 1061,user1061@example.com,9000001061,Interested,Row 1061 note
User 1062,user1062@example.com,9000001062,Interested,Row 1062 note
User 1063,user1063@example.com,9000001063,Interested,Row 1063 note
User 1064,user1064@example.com,9000001064,Interested,Row 1064 note
User 1065,user1065@example.com,9000001065,Interested,Row 1065 note
User 1066,user1066@example.com,9000001066,Interested,Row 1066 note
User 1067,user1067@example.com,9000001067,Interested,Row 1067 note
User 1068,user1068@example.com,9000001068,Interested,Row 1068 note
User 1069,user1069@example.com,9000001069,Interested,Row 1069 note
User 1070,user1070@example.com,9000001070,Interested,Row 1070 note
User 1071,user1071@example.com,9000001071,Interested,Row 1071 note
User 1072,user1072@example.com,9000001072,Interested,Row 1072 note
User 1073,user1073@example.com,9000001073,Interested,Row 1073 note
User 1074,user1074@example.com,9000001074,Interested,Row 1074 note
User 1075,user1075@example.com,9000001075,Interested,Row 1075 note
User 1076,user1076@example.com,9000001076,Interested,Row 1076 note
User 1077,user1077@example.com,9000001077,Interested,Row 1077 note
User 1078,user1078@example.com,9000001078,Interested,Row 1078 note
User 1079,user1079@example.com,9000001079,Interested,Row 1079 note
User 1080,user1080@example.com,9000001080,Interested,Row 1080 note
User 1081,user1081@example.com,9000001081,Interested,Row 1081 note
User 1082,user1082@example.com,9000001082,Interested,Row 1082 note
User 1083,user1083@example.com,9000001083,Interested,Row 1083 note
User 1084,user1084@example.com,9000001084,Interested,Row 1084 note
User 1085,user1085@example.com,9000001085,Interested,Row 1085 note
User 1086,user1086@example.com,9000001086,Interested,Row 1086 note
User 1087,user1087@example.com,9000001087,Interested,Row 1087 note
User 1088,user1088@example.com,9000001088,Interested,Row 1088 note
User 1089,user1089@example.com,9000001089,Interested,Row 1089 note
User 1090,user1090@example.com,9000001090,Interested,Row 1090 note
User 1091,user1091@example.com,9000001091,Interested,Row 1091 note
User 1092,user1092@example.com,9000001092,Interested,Row 1092 note
User 1093,user1093@example.com,9000001093,Interested,Row 1093 note
User 1094,user1094@example.com,9000001094,Interested,Row 1094 note
User 1095,user1095@example.com,9000001095,Interested,Row 1095 note
User 1096,user1096@example.com,9000001096,Interested,Row 1096 note
User 1097,user1097@example.com,9000001097,Interested,Row 1097 note
User 1098,user1098@example.com,9000001098,Interested,Row 1098 note
User 1099,user1099@example.com,9000001099,Interested,Row 1099 note
User 1100,user1100@example.com,9000001100,Interested,Row 1100 note
User 1101,user1101@example.com,9000001101,Interested,Row 1101 note
User 1102,user1102@example.com,9000001102,Interested,Row 1102 note
User 1103,user1103@example.com,9000001103,Interested,Row 1103 note
User 1104,user1104@example.com,9000001104,Interested,Row 1104 note
User 1105,user1105@example.com,9000001105,Interested,Row 1105 note
User 1106,user1106@example.com,9000001106,Interested,Row 1106 note
User 1107,user1107@example.com,9000001107,Interested,Row 1107 note
User 1108,user1108@example.com,9000001108,Interested,Row 1108 note
User 1109,user1109@example.com,9000001109,Interested,Row 1109 note
User 1110,user1110@example.com,9000001110,Interested,Row 1110 note
User 1111,user1111@example.com,9000001111,Interested,Row 1111 note
User 1112,user1112@example.com,9000001112,Interested,Row 1112 note
User 1113,user1113@example.com,9000001113,Interested,Row 1113 note
User 1114,user1114@example.com,9000001114,Interested,Row 1114 note
User 1115,user1115@example.com,9000001115,Interested,Row 1115 note
User 1116,user1116@example.com,9000001116,Interested,Row 1116 note
User 1117,user1117@example.com,9000001117,Interested,Row 1117 note
User 1118,user1118@example.com,9000001118,Interested,Row 1118 note
User 1119,user1119@example.com,9000001119,Interested,Row 1119 note
User 1120,user1120@example.com,9000001120,Interested,Row 1120 note
User 1121,user1121@example.com,9000001121,Interested,Row 1121 note
User 1122,user1122@example.com,9000001122,Interested,Row 1122 note
User 1123,user1123@example.com,9000001123,Interested,Row 1123 note
User 1124,user1124@example.com,9000001124,Interested,Row 1124 note
User 1125,user1125@example.com,9000001125,Interested,Row 1125 note
User 1126,user1126@example.com,9000001126,Interested,Row 1126 note
User 1127,user1127@example.com,9000001127,Interested,Row 1127 note
User 1128,user1128@example.com,9000001128,Interested,Row 1128 note
User 1129,user1129@example.com,9000001129,Interested,Row 1129 note
User 1130,user1130@example.com,9000001130,Interested,Row 1130 note
User 1131,user1131@example.com,9000001131,Interested,Row 1131 note
User 1132,user1132@example.com,9000001132,Interested,Row 1132 note
User 1133,user1133@example.com,9000001133,Interested,Row 1133 note
User 1134,user1134@example.com,9000001134,Interested,Row 1134 note
User 1135,user1135@example.com,9000001135,Interested,Row 1135 note
User 1136,user1136@example.com,9000001136,Interested,Row 1136 note
User 1137,user1137@example.com,9000001137,Interested,Row 1137 note
User 1138,user1138@example.com,9000001138,Interested,Row 1138 note
User 1139,user1139@example.com,9000001139,Interested,Row 1139 note
User 1140,user1140@example.com,9000001140,Interested,Row 1140 note
User 1141,user1141@example.com,9000001141,Interested,Row 1141 note
User 1142,user1142@example.com,9000001142,Interested,Row 1142 note
User 1143,user1143@example.com,9000001143,Interested,Row 1143 note
User 1144,user1144@example.com,9000001144,Interested,Row 1144 note
User 1145,user1145@example.com,9000001145,Interested,Row 1145 note
User 1146,user1146@example.com,9000001146,Interested,Row 1146 note
User 1147,user1147@example.com,9000001147,Interested,Row 1147 note
User 1148,user1148@example.com,9000001148,Interested,Row 1148 note
User 1149,user1149@example.com,9000001149,Interested,Row 1149 note
User 1150,user1150@example.com,9000001150,Interested,Row 1150 note
User 1151,user1151@example.com,9000001151,Interested,Row 1151 note
User 1152,user1152@example.com,9000001152,Interested,Row 1152 note
User 1153,user1153@example.com,9000001153,Interested,Row 1153 note
User 1154,user1154@example.com,9000001154,Interested,Row 1154 note
User 1155,user1155@example.com,9000001155,Interested,Row 1155 note
User 1156,user1156@example.com,9000001156,Interested,Row 1156 note
User 1157,user1157@example.com,9000001157,Interested,Row 1157 note
User 1158,user1158@example.com,9000001158,Interested,Row 1158 note
User 1159,user1159@example.com,9000001159,Interested,Row 1159 note
User 1160,user1160@example.com,9000001160,Interested,Row 1160 note
User 1161,user1161@example.com,9000001161,Interested,Row 1161 note
User 1162,user1162@example.com,9000001162,Interested,Row 1162 note
User 1163,user1163@example.com,9000001163,Interested,Row 1163 note
User 1164,user1164@example.com,9000001164,Interested,Row 1164 note
User 1165,user1165@example.com,9000001165,Interested,Row 1165 note
User 1166,user1166@example.com,9000001166,Interested,Row 1166 note
User 1167,user1167@example.com,9000001167,Interested,Row 1167 note
User 1168,user1168@example.com,9000001168,Interested,Row 1168 note
User 1169,user1169@example.com,9000001169,Interested,Row 1169 note
User 1170,user1170@example.com,9000001170,Interested,Row 1170 note
User 1171,user1171@example.com,9000001171,Interested,Row 1171 note
User 1172,user1172@example.com,9000001172,Interested,Row 1172 note
User 1173,user1173@example.com,9000001173,Interested,Row 1173 note
User 1174,user1174@example.com,9000001174,Interested,Row 1174 note
User 1175,user1175@example.com,9000001175,Interested,Row 1175 note
User 1176,user1176@example.com,9000001176,Interested,Row 1176 note
User 1177,user1177@example.com,9000001177,Interested,Row 1177 note
User 1178,user1178@example.com,9000001178,Interested,Row 1178 note
User 1179,user1179@example.com,9000001179,Interested,Row 1179 note
User 1180,user1180@example.com,9000001180,Interested,Row 1180 note
User 1181,user1181@example.com,9000001181,Interested,Row 1181 note
User 1182,user1182@example.com,9000001182,Interested,Row 1182 note
User 1183,user1183@example.com,9000001183,Interested,Row 1183 note
User 1184,user1184@example.com,9000001184,Interested,Row 1184 note
User 1185,user1185@example.com,9000001185,Interested,Row 1185 note
User 1186,user1186@example.com,9000001186,Interested,Row 1186 note
User 1187,user1187@example.com,9000001187,Interested,Row 1187 note
User 1188,user1188@example.com,9000001188,Interested,Row 1188 note
User 1189,user1189@example.com,9000001189,Interested,Row 1189 note
User 1190,user1190@example.com,9000001190,Interested,Row 1190 note
User 1191,user1191@example.com,9000001191,Interested,Row 1191 note
User 1192,user1192@example.com,9000001192,Interested,Row 1192 note
User 1193,user1193@example.com,9000001193,Interested,Row 1193 note
User 1194,user1194@example.com,9000001194,Interested,Row 1194 note
User 1195,user1195@example.com,9000001195,Interested,Row 1195 note
User 1196,user1196@example.com,9000001196,Interested,Row 1196 note
User 1197,user1197@example.com,9000001197,Interested,Row 1197 note
User 1198,user1198@example.com,9000001198,Interested,Row 1198 note
User 1199,user1199@example.com,9000001199,Interested,Row 1199 note
User 1200,user1200@example.com,9000001200,Interested,Row 1200 note
